hostname,os,enviroment,country,node
SSITA001,Solaris,Staging,Italy,1
SSDEU001,Solaris,Staging,Germany,1
APIRL001,AIX,Production,Ireland,1
LTITA001,Linux,Testing,Italy,1
STDEU001,Solaris,Testing,Germany,1
APITA001,AIX,Production,Italy,1
STIRL001,Solaris,Testing,Ireland,1
LPFRA001,Linux,Production,France,1
SSNOR001,Solaris,Staging,Norway,1
SIDEU001,Solaris,Integration,Germany,1
SSIRL001,Solaris,Staging,Ireland,1
LSFRA001,Linux,Staging,France,1
ATIRL001,AIX,Testing,Ireland,1
SPDEU001,Solaris,Production,Germany,1
HSFRA001,HP-UX,Staging,France,1
LDIRL001,Linux,Development,Ireland,1
LPESP001,Linux,Production,Spain,1
ADITA001,AIX,Development,Italy,1
ATESP001,AIX,Testing,Spain,1
HTITA001,HP-UX,Testing,Italy,1
LPDEU001,Linux,Production,Germany,1
SSDEU002,Solaris,Staging,Germany,2
SPNOR001,Solaris,Production,Norway,1
AIIRL001,AIX,Integration,Ireland,1
LSDEU001,Linux,Staging,Germany,1
APESP001,AIX,Production,Spain,1
STITA001,Solaris,Testing,Italy,1
SPESP001,Solaris,Production,Spain,1
APESP002,AIX,Production,Spain,2
ATIRL002,AIX,Testing,Ireland,2
LTDEU001,Linux,Testing,Germany,1
LPDEU002,Linux,Production,Germany,2
ADDEU001,AIX,Development,Germany,1
LPIRL001,Linux,Production,Ireland,1
SSESP001,Solaris,Staging,Spain,1
LDNOR001,Linux,Development,Norway,1
SPDEU002,Solaris,Production,Germany,2
ATFRA001,AIX,Testing,France,1
SPIRL001,Solaris,Production,Ireland,1
LIITA001,Linux,Integration,Italy,1
LPIRL002,Linux,Production,Ireland,2
SPDEU003,Solaris,Production,Germany,3
LTDEU002,Linux,Testing,Germany,2
SSFRA001,Solaris,Staging,France,1
LSDEU002,Linux,Staging,Germany,2
LPIRL003,Linux,Production,Ireland,3
SIDEU002,Solaris,Integration,Germany,2
LPDEU003,Linux,Production,Germany,3
STDEU002,Solaris,Testing,Germany,2
SSDEU003,Solaris,Staging,Germany,3
LDDEU001,Linux,Development,Germany,1
LTIRL001,Linux,Testing,Ireland,1
LTFRA001,Linux,Testing,France,1
LIESP001,Linux,Integration,Spain,1
HSESP001,HP-UX,Staging,Spain,1
LPDEU004,Linux,Production,Germany,4
STITA002,Solaris,Testing,Italy,2
AIIRL002,AIX,Integration,Ireland,2
SPDEU004,Solaris,Production,Germany,4
APDEU001,AIX,Production,Germany,1
SSESP002,Solaris,Staging,Spain,2
LTITA002,Linux,Testing,Italy,2
LPDEU005,Linux,Production,Germany,5
HTDEU001,HP-UX,Testing,Germany,1
LSDEU003,Linux,Staging,Germany,3
LSIRL001,Linux,Staging,Ireland,1
ASNOR001,AIX,Staging,Norway,1
APIRL002,AIX,Production,Ireland,2
SDIRL001,Solaris,Development,Ireland,1
LDDEU002,Linux,Development,Germany,2
STDEU003,Solaris,Testing,Germany,3
SPIRL002,Solaris,Production,Ireland,2
APESP003,AIX,Production,Spain,3
LPDEU006,Linux,Production,Germany,6
LSITA001,Linux,Staging,Italy,1
ASDEU001,AIX,Staging,Germany,1
APESP004,AIX,Production,Spain,4
ASESP001,AIX,Staging,Spain,1
LSNOR001,Linux,Staging,Norway,1
STDEU004,Solaris,Testing,Germany,4
STIRL002,Solaris,Testing,Ireland,2
LTITA003,Linux,Testing,Italy,3
LSITA002,Linux,Staging,Italy,2
LTIRL002,Linux,Testing,Ireland,2
LIIRL001,Linux,Integration,Ireland,1
STDEU005,Solaris,Testing,Germany,5
SIDEU003,Solaris,Integration,Germany,3
SPDEU005,Solaris,Production,Germany,5
ATDEU001,AIX,Testing,Germany,1
STIRL003,Solaris,Testing,Ireland,3
LPFRA002,Linux,Production,France,2
LIDEU001,Linux,Integration,Germany,1
LSESP001,Linux,Staging,Spain,1
HIDEU001,HP-UX,Integration,Germany,1
SPIRL003,Solaris,Production,Ireland,3
HPESP001,HP-UX,Production,Spain,1
ATESP002,AIX,Testing,Spain,2
LPIRL004,Linux,Production,Ireland,4
APDEU002,AIX,Production,Germany,2
LIESP002,Linux,Integration,Spain,2
STESP001,Solaris,Testing,Spain,1
HDIRL001,HP-UX,Development,Ireland,1
ATNOR001,AIX,Testing,Norway,1
HPDEU001,HP-UX,Production,Germany,1
ASIRL001,AIX,Staging,Ireland,1
STDEU006,Solaris,Testing,Germany,6
SSFRA002,Solaris,Staging,France,2
STIRL004,Solaris,Testing,Ireland,4
LPDEU007,Linux,Production,Germany,7
LPIRL005,Linux,Production,Ireland,5
SSIRL002,Solaris,Staging,Ireland,2
SPIRL004,Solaris,Production,Ireland,4
SIIRL001,Solaris,Integration,Ireland,1
APNOR001,AIX,Production,Norway,1
SSDEU004,Solaris,Staging,Germany,4
APITA002,AIX,Production,Italy,2
SPIRL005,Solaris,Production,Ireland,5
LSITA003,Linux,Staging,Italy,3
LSIRL002,Linux,Staging,Ireland,2
LTIRL003,Linux,Testing,Ireland,3
SIDEU004,Solaris,Integration,Germany,4
SIDEU005,Solaris,Integration,Germany,5
SSIRL003,Solaris,Staging,Ireland,3
SDESP001,Solaris,Development,Spain,1
HPITA001,HP-UX,Production,Italy,1
HSDEU001,HP-UX,Staging,Germany,1
ATDEU002,AIX,Testing,Germany,2
HTDEU002,HP-UX,Testing,Germany,2
STDEU007,Solaris,Testing,Germany,7
SPDEU006,Solaris,Production,Germany,6
SIITA001,Solaris,Integration,Italy,1
STDEU008,Solaris,Testing,Germany,8
LIESP003,Linux,Integration,Spain,3
SSESP003,Solaris,Staging,Spain,3
LTITA004,Linux,Testing,Italy,4
SPIRL006,Solaris,Production,Ireland,6
STDEU009,Solaris,Testing,Germany,9
ATESP003,AIX,Testing,Spain,3
LSNOR002,Linux,Staging,Norway,2
LTESP001,Linux,Testing,Spain,1
LSESP002,Linux,Staging,Spain,2
HTDEU003,HP-UX,Testing,Germany,3
LTFRA002,Linux,Testing,France,2
APESP005,AIX,Production,Spain,5
SIIRL002,Solaris,Integration,Ireland,2
SSDEU005,Solaris,Staging,Germany,5
LSITA004,Linux,Staging,Italy,4
HDIRL002,HP-UX,Development,Ireland,2
LTESP002,Linux,Testing,Spain,2
ATITA001,AIX,Testing,Italy,1
STESP002,Solaris,Testing,Spain,2
APDEU003,AIX,Production,Germany,3
SPIRL007,Solaris,Production,Ireland,7
HTDEU004,HP-UX,Testing,Germany,4
STESP003,Solaris,Testing,Spain,3
SSITA002,Solaris,Staging,Italy,2
STNOR001,Solaris,Testing,Norway,1
LIIRL002,Linux,Integration,Ireland,2
ASIRL002,AIX,Staging,Ireland,2
SSIRL004,Solaris,Staging,Ireland,4
LPNOR001,Linux,Production,Norway,1
SDITA001,Solaris,Development,Italy,1
LPFRA003,Linux,Production,France,3
LPDEU008,Linux,Production,Germany,8
LPFRA004,Linux,Production,France,4
APDEU004,AIX,Production,Germany,4
SPITA001,Solaris,Production,Italy,1
STIRL005,Solaris,Testing,Ireland,5
HPIRL001,HP-UX,Production,Ireland,1
SDDEU001,Solaris,Development,Germany,1
STESP004,Solaris,Testing,Spain,4
LPESP002,Linux,Production,Spain,2
LPIRL006,Linux,Production,Ireland,6
HTITA002,HP-UX,Testing,Italy,2
ADIRL001,AIX,Development,Ireland,1
ATESP004,AIX,Testing,Spain,4
LSESP003,Linux,Staging,Spain,3
HPITA002,HP-UX,Production,Italy,2
SDDEU002,Solaris,Development,Germany,2
ATNOR002,AIX,Testing,Norway,2
SSESP004,Solaris,Staging,Spain,4
LPIRL007,Linux,Production,Ireland,7
LPIRL008,Linux,Production,Ireland,8
HSDEU002,HP-UX,Staging,Germany,2
ATESP005,AIX,Testing,Spain,5
LIIRL003,Linux,Integration,Ireland,3
SPIRL008,Solaris,Production,Ireland,8
SPIRL009,Solaris,Production,Ireland,9
APFRA001,AIX,Production,France,1
STFRA001,Solaris,Testing,France,1
HPESP002,HP-UX,Production,Spain,2
ASESP002,AIX,Staging,Spain,2
LDESP001,Linux,Development,Spain,1
LTDEU003,Linux,Testing,Germany,3
SPIRL010,Solaris,Production,Ireland,10
LPDEU009,Linux,Production,Germany,9
LSDEU004,Linux,Staging,Germany,4
HSIRL001,HP-UX,Staging,Ireland,1
LTITA005,Linux,Testing,Italy,5
LPITA001,Linux,Production,Italy,1
LSESP004,Linux,Staging,Spain,4
LSESP005,Linux,Staging,Spain,5
HPDEU002,HP-UX,Production,Germany,2
ADDEU002,AIX,Development,Germany,2
HSIRL002,HP-UX,Staging,Ireland,2
LTITA006,Linux,Testing,Italy,6
ASNOR002,AIX,Staging,Norway,2
SPITA002,Solaris,Production,Italy,2
LIIRL004,Linux,Integration,Ireland,4
LDFRA001,Linux,Development,France,1
HTIRL001,HP-UX,Testing,Ireland,1
AIESP001,AIX,Integration,Spain,1
AIDEU001,AIX,Integration,Germany,1
LPDEU010,Linux,Production,Germany,10
LPDEU011,Linux,Production,Germany,11
SDITA002,Solaris,Development,Italy,2
LSDEU005,Linux,Staging,Germany,5
LSDEU006,Linux,Staging,Germany,6
HPNOR001,HP-UX,Production,Norway,1
STESP005,Solaris,Testing,Spain,5
STESP006,Solaris,Testing,Spain,6
LINOR001,Linux,Integration,Norway,1
LSNOR003,Linux,Staging,Norway,3
STIRL006,Solaris,Testing,Ireland,6
LPIRL009,Linux,Production,Ireland,9
HPFRA001,HP-UX,Production,France,1
LPDEU012,Linux,Production,Germany,12
ASIRL003,AIX,Staging,Ireland,3
LSITA005,Linux,Staging,Italy,5
LPESP003,Linux,Production,Spain,3
SSESP005,Solaris,Staging,Spain,5
LDFRA002,Linux,Development,France,2
ASIRL004,AIX,Staging,Ireland,4
LDDEU003,Linux,Development,Germany,3
LTFRA003,Linux,Testing,France,3
SPITA003,Solaris,Production,Italy,3
SPIRL011,Solaris,Production,Ireland,11
LDIRL002,Linux,Development,Ireland,2
LSITA006,Linux,Staging,Italy,6
STDEU010,Solaris,Testing,Germany,10
LPESP004,Linux,Production,Spain,4
SPESP002,Solaris,Production,Spain,2
LTITA007,Linux,Testing,Italy,7
LDDEU004,Linux,Development,Germany,4
HSIRL003,HP-UX,Staging,Ireland,3
LSITA007,Linux,Staging,Italy,7
SPITA004,Solaris,Production,Italy,4
LIIRL005,Linux,Integration,Ireland,5
SSFRA003,Solaris,Staging,France,3
SSFRA004,Solaris,Staging,France,4
ASITA001,AIX,Staging,Italy,1
LIIRL006,Linux,Integration,Ireland,6
APDEU005,AIX,Production,Germany,5
SIESP001,Solaris,Integration,Spain,1
SDDEU003,Solaris,Development,Germany,3
LPIRL010,Linux,Production,Ireland,10
HTIRL002,HP-UX,Testing,Ireland,2
ATIRL003,AIX,Testing,Ireland,3
SIITA002,Solaris,Integration,Italy,2
LTITA008,Linux,Testing,Italy,8
LSIRL003,Linux,Staging,Ireland,3
LPIRL011,Linux,Production,Ireland,11
AIFRA001,AIX,Integration,France,1
SSDEU006,Solaris,Staging,Germany,6
SSFRA005,Solaris,Staging,France,5
ATIRL004,AIX,Testing,Ireland,4
SSESP006,Solaris,Staging,Spain,6
HPESP003,HP-UX,Production,Spain,3
LTITA009,Linux,Testing,Italy,9
SPIRL012,Solaris,Production,Ireland,12
STIRL007,Solaris,Testing,Ireland,7
HTIRL003,HP-UX,Testing,Ireland,3
ADIRL002,AIX,Development,Ireland,2
SIDEU006,Solaris,Integration,Germany,6
LIIRL007,Linux,Integration,Ireland,7
APFRA002,AIX,Production,France,2
APESP006,AIX,Production,Spain,6
ASDEU002,AIX,Staging,Germany,2
SSNOR002,Solaris,Staging,Norway,2
LSIRL004,Linux,Staging,Ireland,4
LPIRL012,Linux,Production,Ireland,12
LPDEU013,Linux,Production,Germany,13
LTDEU004,Linux,Testing,Germany,4
ATDEU003,AIX,Testing,Germany,3
LTITA010,Linux,Testing,Italy,10
SPFRA001,Solaris,Production,France,1
HTDEU005,HP-UX,Testing,Germany,5
SPIRL013,Solaris,Production,Ireland,13
SPITA005,Solaris,Production,Italy,5
ASIRL005,AIX,Staging,Ireland,5
HSITA001,HP-UX,Staging,Italy,1
LTITA011,Linux,Testing,Italy,11
APFRA003,AIX,Production,France,3
SSIRL005,Solaris,Staging,Ireland,5
APFRA004,AIX,Production,France,4
LSFRA002,Linux,Staging,France,2
HSESP002,HP-UX,Staging,Spain,2
SPESP003,Solaris,Production,Spain,3
LSESP006,Linux,Staging,Spain,6
SDDEU004,Solaris,Development,Germany,4
STDEU011,Solaris,Testing,Germany,11
LDESP002,Linux,Development,Spain,2
SDNOR001,Solaris,Development,Norway,1
LDESP003,Linux,Development,Spain,3
STDEU012,Solaris,Testing,Germany,12
SSIRL006,Solaris,Staging,Ireland,6
STESP007,Solaris,Testing,Spain,7
ATDEU004,AIX,Testing,Germany,4
HTDEU006,HP-UX,Testing,Germany,6
ASNOR003,AIX,Staging,Norway,3
HPIRL002,HP-UX,Production,Ireland,2
SSIRL007,Solaris,Staging,Ireland,7
SIDEU007,Solaris,Integration,Germany,7
LDIRL003,Linux,Development,Ireland,3
SPFRA002,Solaris,Production,France,2
HSDEU003,HP-UX,Staging,Germany,3
ATDEU005,AIX,Testing,Germany,5
SPFRA003,Solaris,Production,France,3
LTIRL004,Linux,Testing,Ireland,4
HDIRL003,HP-UX,Development,Ireland,3
STFRA002,Solaris,Testing,France,2
SSDEU007,Solaris,Staging,Germany,7
LDDEU005,Linux,Development,Germany,5
HSDEU004,HP-UX,Staging,Germany,4
STIRL008,Solaris,Testing,Ireland,8
LTIRL005,Linux,Testing,Ireland,5
HPIRL003,HP-UX,Production,Ireland,3
SPDEU007,Solaris,Production,Germany,7
ADDEU003,AIX,Development,Germany,3
ADIRL003,AIX,Development,Ireland,3
APIRL003,AIX,Production,Ireland,3
SSIRL008,Solaris,Staging,Ireland,8
ATIRL005,AIX,Testing,Ireland,5
APIRL004,AIX,Production,Ireland,4
APIRL005,AIX,Production,Ireland,5
LIIRL008,Linux,Integration,Ireland,8
SPFRA004,Solaris,Production,France,4
LSITA008,Linux,Staging,Italy,8
HPIRL004,HP-UX,Production,Ireland,4
LTITA012,Linux,Testing,Italy,12
LPDEU014,Linux,Production,Germany,14
HPIRL005,HP-UX,Production,Ireland,5
LPESP005,Linux,Production,Spain,5
LTFRA004,Linux,Testing,France,4
LPFRA005,Linux,Production,France,5
LIITA002,Linux,Integration,Italy,2
LSFRA003,Linux,Staging,France,3
LDNOR002,Linux,Development,Norway,2
AIITA001,AIX,Integration,Italy,1
HSNOR001,HP-UX,Staging,Norway,1
LTIRL006,Linux,Testing,Ireland,6
AIDEU002,AIX,Integration,Germany,2
SIIRL003,Solaris,Integration,Ireland,3
ASDEU003,AIX,Staging,Germany,3
HPESP004,HP-UX,Production,Spain,4
ADDEU004,AIX,Development,Germany,4
LPIRL013,Linux,Production,Ireland,13
LDIRL004,Linux,Development,Ireland,4
STDEU013,Solaris,Testing,Germany,13
LSESP007,Linux,Staging,Spain,7
ASITA002,AIX,Staging,Italy,2
STESP008,Solaris,Testing,Spain,8
LPESP006,Linux,Production,Spain,6
LSDEU007,Linux,Staging,Germany,7
LPDEU015,Linux,Production,Germany,15
SSFRA006,Solaris,Staging,France,6
SIITA003,Solaris,Integration,Italy,3
LIIRL009,Linux,Integration,Ireland,9
LPIRL014,Linux,Production,Ireland,14
SPDEU008,Solaris,Production,Germany,8
LSFRA004,Linux,Staging,France,4
LDESP004,Linux,Development,Spain,4
LPNOR002,Linux,Production,Norway,2
LSDEU008,Linux,Staging,Germany,8
LPESP007,Linux,Production,Spain,7
LTIRL007,Linux,Testing,Ireland,7
LPNOR003,Linux,Production,Norway,3
LPIRL015,Linux,Production,Ireland,15
LDIRL005,Linux,Development,Ireland,5
SPDEU009,Solaris,Production,Germany,9
SIITA004,Solaris,Integration,Italy,4
LTESP003,Linux,Testing,Spain,3
SDIRL002,Solaris,Development,Ireland,2
LTESP004,Linux,Testing,Spain,4
LPDEU016,Linux,Production,Germany,16
LPITA002,Linux,Production,Italy,2
APITA003,AIX,Production,Italy,3
LTESP005,Linux,Testing,Spain,5
APDEU006,AIX,Production,Germany,6
LPESP008,Linux,Production,Spain,8
LTIRL008,Linux,Testing,Ireland,8
LTDEU005,Linux,Testing,Germany,5
LPDEU017,Linux,Production,Germany,17
SSITA003,Solaris,Staging,Italy,3
LTESP006,Linux,Testing,Spain,6
SSIRL009,Solaris,Staging,Ireland,9
ATDEU006,AIX,Testing,Germany,6
SIFRA001,Solaris,Integration,France,1
LTNOR001,Linux,Testing,Norway,1
LIIRL010,Linux,Integration,Ireland,10
LPFRA006,Linux,Production,France,6
APIRL006,AIX,Production,Ireland,6
LPNOR004,Linux,Production,Norway,4
ATIRL006,AIX,Testing,Ireland,6
ATFRA002,AIX,Testing,France,2
HTITA003,HP-UX,Testing,Italy,3
LTIRL009,Linux,Testing,Ireland,9
HPIRL006,HP-UX,Production,Ireland,6
LPITA003,Linux,Production,Italy,3
SDIRL003,Solaris,Development,Ireland,3
SIIRL004,Solaris,Integration,Ireland,4
APIRL007,AIX,Production,Ireland,7
SSIRL010,Solaris,Staging,Ireland,10
LSITA009,Linux,Staging,Italy,9
STDEU014,Solaris,Testing,Germany,14
LPIRL016,Linux,Production,Ireland,16
ADITA002,AIX,Development,Italy,2
APIRL008,AIX,Production,Ireland,8
ATIRL007,AIX,Testing,Ireland,7
ATIRL008,AIX,Testing,Ireland,8
ADIRL004,AIX,Development,Ireland,4
LPIRL017,Linux,Production,Ireland,17
LSIRL005,Linux,Staging,Ireland,5
STDEU015,Solaris,Testing,Germany,15
APDEU007,AIX,Production,Germany,7
LPDEU018,Linux,Production,Germany,18
SSFRA007,Solaris,Staging,France,7
LSIRL006,Linux,Staging,Ireland,6
LSDEU009,Linux,Staging,Germany,9
LIIRL011,Linux,Integration,Ireland,11
SPESP004,Solaris,Production,Spain,4
SPDEU010,Solaris,Production,Germany,10
STIRL009,Solaris,Testing,Ireland,9
LDDEU006,Linux,Development,Germany,6
APDEU008,AIX,Production,Germany,8
ASITA003,AIX,Staging,Italy,3
HSIRL004,HP-UX,Staging,Ireland,4
LIFRA001,Linux,Integration,France,1
LPFRA007,Linux,Production,France,7
LSIRL007,Linux,Staging,Ireland,7
LIITA003,Linux,Integration,Italy,3
LDDEU007,Linux,Development,Germany,7
LPIRL018,Linux,Production,Ireland,18
LTESP007,Linux,Testing,Spain,7
STESP009,Solaris,Testing,Spain,9
LPFRA008,Linux,Production,France,8
APFRA005,AIX,Production,France,5
SPESP005,Solaris,Production,Spain,5
ATNOR003,AIX,Testing,Norway,3
APFRA006,AIX,Production,France,6
LTIRL010,Linux,Testing,Ireland,10
SPESP006,Solaris,Production,Spain,6
STIRL010,Solaris,Testing,Ireland,10
ATIRL009,AIX,Testing,Ireland,9
LSNOR004,Linux,Staging,Norway,4
SPIRL014,Solaris,Production,Ireland,14
APIRL009,AIX,Production,Ireland,9
APESP007,AIX,Production,Spain,7
ADIRL005,AIX,Development,Ireland,5
SPESP007,Solaris,Production,Spain,7
LSDEU010,Linux,Staging,Germany,10
HPIRL007,HP-UX,Production,Ireland,7
LSESP008,Linux,Staging,Spain,8
AIESP002,AIX,Integration,Spain,2
SPIRL015,Solaris,Production,Ireland,15
LDITA001,Linux,Development,Italy,1
SPITA006,Solaris,Production,Italy,6
SIIRL005,Solaris,Integration,Ireland,5
LPITA004,Linux,Production,Italy,4
SDESP002,Solaris,Development,Spain,2
ASDEU004,AIX,Staging,Germany,4
SSDEU008,Solaris,Staging,Germany,8
SDIRL004,Solaris,Development,Ireland,4
LTNOR002,Linux,Testing,Norway,2
STESP010,Solaris,Testing,Spain,10
SSDEU009,Solaris,Staging,Germany,9
LSESP009,Linux,Staging,Spain,9
ASDEU005,AIX,Staging,Germany,5
LTESP008,Linux,Testing,Spain,8
HSDEU005,HP-UX,Staging,Germany,5
LSIRL008,Linux,Staging,Ireland,8
SDITA003,Solaris,Development,Italy,3
LPDEU019,Linux,Production,Germany,19
LDESP005,Linux,Development,Spain,5
LPNOR005,Linux,Production,Norway,5
SPDEU011,Solaris,Production,Germany,11
LTITA013,Linux,Testing,Italy,13
LTIRL011,Linux,Testing,Ireland,11
LTNOR003,Linux,Testing,Norway,3
ATDEU007,AIX,Testing,Germany,7
SIESP002,Solaris,Integration,Spain,2
LTITA014,Linux,Testing,Italy,14
ASIRL006,AIX,Staging,Ireland,6
ASESP003,AIX,Staging,Spain,3
HIFRA001,HP-UX,Integration,France,1
LIITA004,Linux,Integration,Italy,4
LTFRA005,Linux,Testing,France,5
LTESP009,Linux,Testing,Spain,9
SIIRL006,Solaris,Integration,Ireland,6
SPESP008,Solaris,Production,Spain,8
LTIRL012,Linux,Testing,Ireland,12
LSIRL009,Linux,Staging,Ireland,9
STDEU016,Solaris,Testing,Germany,16
LTITA015,Linux,Testing,Italy,15
ADDEU005,AIX,Development,Germany,5
LPFRA009,Linux,Production,France,9
LPITA005,Linux,Production,Italy,5
LINOR002,Linux,Integration,Norway,2
LTIRL013,Linux,Testing,Ireland,13
SSFRA008,Solaris,Staging,France,8
SDIRL005,Solaris,Development,Ireland,5
STIRL011,Solaris,Testing,Ireland,11
LTESP010,Linux,Testing,Spain,10
LSITA010,Linux,Staging,Italy,10
SPITA007,Solaris,Production,Italy,7
SDDEU005,Solaris,Development,Germany,5
APITA004,AIX,Production,Italy,4
SPDEU012,Solaris,Production,Germany,12
HSDEU006,HP-UX,Staging,Germany,6
APIRL010,AIX,Production,Ireland,10
ADIRL006,AIX,Development,Ireland,6
LSNOR005,Linux,Staging,Norway,5
SPIRL016,Solaris,Production,Ireland,16
STIRL012,Solaris,Testing,Ireland,12
LTIRL014,Linux,Testing,Ireland,14
SPIRL017,Solaris,Production,Ireland,17
LPIRL019,Linux,Production,Ireland,19
ATFRA003,AIX,Testing,France,3
LPIRL020,Linux,Production,Ireland,20
APIRL011,AIX,Production,Ireland,11
LTDEU006,Linux,Testing,Germany,6
HSIRL005,HP-UX,Staging,Ireland,5
ASFRA001,AIX,Staging,France,1
APIRL012,AIX,Production,Ireland,12
SIITA005,Solaris,Integration,Italy,5
LPESP009,Linux,Production,Spain,9
LPIRL021,Linux,Production,Ireland,21
LTIRL015,Linux,Testing,Ireland,15
LSIRL010,Linux,Staging,Ireland,10
STDEU017,Solaris,Testing,Germany,17
SIIRL007,Solaris,Integration,Ireland,7
LSIRL011,Linux,Staging,Ireland,11
LSDEU011,Linux,Staging,Germany,11
LTESP011,Linux,Testing,Spain,11
STESP011,Solaris,Testing,Spain,11
LSFRA005,Linux,Staging,France,5
LSDEU012,Linux,Staging,Germany,12
LSFRA006,Linux,Staging,France,6
LSITA011,Linux,Staging,Italy,11
LIIRL012,Linux,Integration,Ireland,12
SDIRL006,Solaris,Development,Ireland,6
SPESP009,Solaris,Production,Spain,9
HPITA003,HP-UX,Production,Italy,3
SDESP003,Solaris,Development,Spain,3
LIESP004,Linux,Integration,Spain,4
LDDEU008,Linux,Development,Germany,8
SPESP010,Solaris,Production,Spain,10
LPITA006,Linux,Production,Italy,6
SSFRA009,Solaris,Staging,France,9
SSNOR003,Solaris,Staging,Norway,3
STITA003,Solaris,Testing,Italy,3
LDITA002,Linux,Development,Italy,2
LPESP010,Linux,Production,Spain,10
LIDEU002,Linux,Integration,Germany,2
LSESP010,Linux,Staging,Spain,10
APESP008,AIX,Production,Spain,8
LDIRL006,Linux,Development,Ireland,6
SDNOR002,Solaris,Development,Norway,2
SSESP007,Solaris,Staging,Spain,7
SIFRA002,Solaris,Integration,France,2
HTIRL004,HP-UX,Testing,Ireland,4
ADDEU006,AIX,Development,Germany,6
HIIRL001,HP-UX,Integration,Ireland,1
HTDEU007,HP-UX,Testing,Germany,7
APDEU009,AIX,Production,Germany,9
LPIRL022,Linux,Production,Ireland,22
LSESP011,Linux,Staging,Spain,11
LTIRL016,Linux,Testing,Ireland,16
LPDEU020,Linux,Production,Germany,20
LPDEU021,Linux,Production,Germany,21
STNOR002,Solaris,Testing,Norway,2
LPESP011,Linux,Production,Spain,11
LDDEU009,Linux,Development,Germany,9
SPESP011,Solaris,Production,Spain,11
ASIRL007,AIX,Staging,Ireland,7
LPIRL023,Linux,Production,Ireland,23
LPIRL024,Linux,Production,Ireland,24
LTIRL017,Linux,Testing,Ireland,17
LTESP012,Linux,Testing,Spain,12
ASITA004,AIX,Staging,Italy,4
LPIRL025,Linux,Production,Ireland,25
ASFRA002,AIX,Staging,France,2
ATFRA004,AIX,Testing,France,4
SDFRA001,Solaris,Development,France,1
STITA004,Solaris,Testing,Italy,4
LSIRL012,Linux,Staging,Ireland,12
HTESP001,HP-UX,Testing,Spain,1
ASIRL008,AIX,Staging,Ireland,8
SPDEU013,Solaris,Production,Germany,13
SIIRL008,Solaris,Integration,Ireland,8
ATESP006,AIX,Testing,Spain,6
LSIRL013,Linux,Staging,Ireland,13
LPDEU022,Linux,Production,Germany,22
SPESP012,Solaris,Production,Spain,12
LPDEU023,Linux,Production,Germany,23
LTIRL018,Linux,Testing,Ireland,18
LTDEU007,Linux,Testing,Germany,7
HDIRL004,HP-UX,Development,Ireland,4
LIDEU003,Linux,Integration,Germany,3
LSESP012,Linux,Staging,Spain,12
ATFRA005,AIX,Testing,France,5
ADITA003,AIX,Development,Italy,3
HPIRL008,HP-UX,Production,Ireland,8
SPIRL018,Solaris,Production,Ireland,18
SPDEU014,Solaris,Production,Germany,14
LSIRL014,Linux,Staging,Ireland,14
LTIRL019,Linux,Testing,Ireland,19
SSITA004,Solaris,Staging,Italy,4
SIESP003,Solaris,Integration,Spain,3
SDDEU006,Solaris,Development,Germany,6
HSDEU007,HP-UX,Staging,Germany,7
APIRL013,AIX,Production,Ireland,13
HPIRL009,HP-UX,Production,Ireland,9
SPESP013,Solaris,Production,Spain,13
SDESP004,Solaris,Development,Spain,4
LPITA007,Linux,Production,Italy,7
APIRL014,AIX,Production,Ireland,14
ATIRL010,AIX,Testing,Ireland,10
LDIRL007,Linux,Development,Ireland,7
HTDEU008,HP-UX,Testing,Germany,8
LPIRL026,Linux,Production,Ireland,26
LPIRL027,Linux,Production,Ireland,27
ATDEU008,AIX,Testing,Germany,8
ADESP001,AIX,Development,Spain,1
LTFRA006,Linux,Testing,France,6
SSESP008,Solaris,Staging,Spain,8
ADITA004,AIX,Development,Italy,4
SPNOR002,Solaris,Production,Norway,2
SSIRL011,Solaris,Staging,Ireland,11
ATESP007,AIX,Testing,Spain,7
LSITA012,Linux,Staging,Italy,12
LIDEU004,Linux,Integration,Germany,4
LTESP013,Linux,Testing,Spain,13
STDEU018,Solaris,Testing,Germany,18
ATIRL011,AIX,Testing,Ireland,11
APESP009,AIX,Production,Spain,9
LPESP012,Linux,Production,Spain,12
SDESP005,Solaris,Development,Spain,5
STFRA003,Solaris,Testing,France,3
LTITA016,Linux,Testing,Italy,16
STIRL013,Solaris,Testing,Ireland,13
SIITA006,Solaris,Integration,Italy,6
LTIRL020,Linux,Testing,Ireland,20
LSESP013,Linux,Staging,Spain,13
APIRL015,AIX,Production,Ireland,15
LTFRA007,Linux,Testing,France,7
LSESP014,Linux,Staging,Spain,14
LDFRA003,Linux,Development,France,3
ASDEU006,AIX,Staging,Germany,6
LPFRA010,Linux,Production,France,10
SSITA005,Solaris,Staging,Italy,5
ATDEU009,AIX,Testing,Germany,9
LPDEU024,Linux,Production,Germany,24
APNOR002,AIX,Production,Norway,2
LPESP013,Linux,Production,Spain,13
HPNOR002,HP-UX,Production,Norway,2
LPDEU025,Linux,Production,Germany,25
SPDEU015,Solaris,Production,Germany,15
LTDEU008,Linux,Testing,Germany,8
ATNOR004,AIX,Testing,Norway,4
SSDEU010,Solaris,Staging,Germany,10
HSNOR002,HP-UX,Staging,Norway,2
LTITA017,Linux,Testing,Italy,17
SSIRL012,Solaris,Staging,Ireland,12
APIRL016,AIX,Production,Ireland,16
AIIRL003,AIX,Integration,Ireland,3
HPDEU003,HP-UX,Production,Germany,3
ADIRL007,AIX,Development,Ireland,7
ATDEU010,AIX,Testing,Germany,10
SSDEU011,Solaris,Staging,Germany,11
LSITA013,Linux,Staging,Italy,13
LPFRA011,Linux,Production,France,11
SDDEU007,Solaris,Development,Germany,7
LINOR003,Linux,Integration,Norway,3
APESP010,AIX,Production,Spain,10
LTNOR004,Linux,Testing,Norway,4
ASNOR004,AIX,Staging,Norway,4
SPESP014,Solaris,Production,Spain,14
SSIRL013,Solaris,Staging,Ireland,13
LDIRL008,Linux,Development,Ireland,8
LSITA014,Linux,Staging,Italy,14
LTESP014,Linux,Testing,Spain,14
STDEU019,Solaris,Testing,Germany,19
SPDEU016,Solaris,Production,Germany,16
SPDEU017,Solaris,Production,Germany,17
LPFRA012,Linux,Production,France,12
LPFRA013,Linux,Production,France,13
SSNOR004,Solaris,Staging,Norway,4
ASITA005,AIX,Staging,Italy,5
LPDEU026,Linux,Production,Germany,26
LSITA015,Linux,Staging,Italy,15
LTIRL021,Linux,Testing,Ireland,21
HPESP005,HP-UX,Production,Spain,5
SSITA006,Solaris,Staging,Italy,6
APIRL017,AIX,Production,Ireland,17
STESP012,Solaris,Testing,Spain,12
SSIRL014,Solaris,Staging,Ireland,14
LDITA003,Linux,Development,Italy,3
LSFRA007,Linux,Staging,France,7
LINOR004,Linux,Integration,Norway,4
ATDEU011,AIX,Testing,Germany,11
STIRL014,Solaris,Testing,Ireland,14
LTDEU009,Linux,Testing,Germany,9
LPIRL028,Linux,Production,Ireland,28
HSIRL006,HP-UX,Staging,Ireland,6
HTITA004,HP-UX,Testing,Italy,4
APIRL018,AIX,Production,Ireland,18
ASITA006,AIX,Staging,Italy,6
SSFRA010,Solaris,Staging,France,10
STESP013,Solaris,Testing,Spain,13
SSIRL015,Solaris,Staging,Ireland,15
SPDEU018,Solaris,Production,Germany,18
LSNOR006,Linux,Staging,Norway,6
ATIRL012,AIX,Testing,Ireland,12
HPIRL010,HP-UX,Production,Ireland,10
LSNOR007,Linux,Staging,Norway,7
SPIRL019,Solaris,Production,Ireland,19
STESP014,Solaris,Testing,Spain,14
SPIRL020,Solaris,Production,Ireland,20
SSESP009,Solaris,Staging,Spain,9
LPIRL029,Linux,Production,Ireland,29
LSESP015,Linux,Staging,Spain,15
LTDEU010,Linux,Testing,Germany,10
APDEU010,AIX,Production,Germany,10
ADIRL008,AIX,Development,Ireland,8
LTIRL022,Linux,Testing,Ireland,22
LDITA004,Linux,Development,Italy,4
SPIRL021,Solaris,Production,Ireland,21
SPDEU019,Solaris,Production,Germany,19
APITA005,AIX,Production,Italy,5
LTIRL023,Linux,Testing,Ireland,23
HSIRL007,HP-UX,Staging,Ireland,7
LPIRL030,Linux,Production,Ireland,30
LTIRL024,Linux,Testing,Ireland,24
LSIRL015,Linux,Staging,Ireland,15
LTNOR005,Linux,Testing,Norway,5
HIITA001,HP-UX,Integration,Italy,1
SIESP004,Solaris,Integration,Spain,4
SPIRL022,Solaris,Production,Ireland,22
LPDEU027,Linux,Production,Germany,27
LTDEU011,Linux,Testing,Germany,11
SPIRL023,Solaris,Production,Ireland,23
LDIRL009,Linux,Development,Ireland,9
LPIRL031,Linux,Production,Ireland,31
LDESP006,Linux,Development,Spain,6
AIDEU003,AIX,Integration,Germany,3
LIIRL013,Linux,Integration,Ireland,13
LPESP014,Linux,Production,Spain,14
SSIRL016,Solaris,Staging,Ireland,16
LSDEU013,Linux,Staging,Germany,13
SPIRL024,Solaris,Production,Ireland,24
LIITA005,Linux,Integration,Italy,5
SPIRL025,Solaris,Production,Ireland,25
LIDEU005,Linux,Integration,Germany,5
LPIRL032,Linux,Production,Ireland,32
LPDEU028,Linux,Production,Germany,28
SDITA004,Solaris,Development,Italy,4
ATIRL013,AIX,Testing,Ireland,13
SPFRA005,Solaris,Production,France,5
AIIRL004,AIX,Integration,Ireland,4
LPDEU029,Linux,Production,Germany,29
HTITA005,HP-UX,Testing,Italy,5
LSDEU014,Linux,Staging,Germany,14
LSESP016,Linux,Staging,Spain,16
ATIRL014,AIX,Testing,Ireland,14
HPIRL011,HP-UX,Production,Ireland,11
LPESP015,Linux,Production,Spain,15
SSESP010,Solaris,Staging,Spain,10
AIDEU004,AIX,Integration,Germany,4
ATIRL015,AIX,Testing,Ireland,15
SDIRL007,Solaris,Development,Ireland,7
STIRL015,Solaris,Testing,Ireland,15
LSDEU015,Linux,Staging,Germany,15
STNOR003,Solaris,Testing,Norway,3
LIDEU006,Linux,Integration,Germany,6
SPIRL026,Solaris,Production,Ireland,26
LPIRL033,Linux,Production,Ireland,33
APFRA007,AIX,Production,France,7
APESP011,AIX,Production,Spain,11
HSESP003,HP-UX,Staging,Spain,3
LTNOR006,Linux,Testing,Norway,6
LDIRL010,Linux,Development,Ireland,10
STITA005,Solaris,Testing,Italy,5
LPDEU030,Linux,Production,Germany,30
LDIRL011,Linux,Development,Ireland,11
SSIRL017,Solaris,Staging,Ireland,17
LPIRL034,Linux,Production,Ireland,34
LTESP015,Linux,Testing,Spain,15
LIESP005,Linux,Integration,Spain,5
APFRA008,AIX,Production,France,8
SSNOR005,Solaris,Staging,Norway,5
SSDEU012,Solaris,Staging,Germany,12
SSITA007,Solaris,Staging,Italy,7
LTIRL025,Linux,Testing,Ireland,25
APIRL019,AIX,Production,Ireland,19
AIDEU005,AIX,Integration,Germany,5
SPITA008,Solaris,Production,Italy,8
LPIRL035,Linux,Production,Ireland,35
LPITA008,Linux,Production,Italy,8
HPDEU004,HP-UX,Production,Germany,4
LPNOR006,Linux,Production,Norway,6
SIITA007,Solaris,Integration,Italy,7
HTITA006,HP-UX,Testing,Italy,6
SSIRL018,Solaris,Staging,Ireland,18
ADESP002,AIX,Development,Spain,2
LTITA018,Linux,Testing,Italy,18
LTITA019,Linux,Testing,Italy,19
ADESP003,AIX,Development,Spain,3
STDEU020,Solaris,Testing,Germany,20
SSESP011,Solaris,Staging,Spain,11
SIIRL009,Solaris,Integration,Ireland,9
LSESP017,Linux,Staging,Spain,17
LPESP016,Linux,Production,Spain,16
LIESP006,Linux,Integration,Spain,6
ASFRA003,AIX,Staging,France,3
ATIRL016,AIX,Testing,Ireland,16
ASIRL009,AIX,Staging,Ireland,9
LIDEU007,Linux,Integration,Germany,7
LTITA020,Linux,Testing,Italy,20
HIIRL002,HP-UX,Integration,Ireland,2
LDIRL012,Linux,Development,Ireland,12
LTFRA008,Linux,Testing,France,8
LSDEU016,Linux,Staging,Germany,16
SSIRL019,Solaris,Staging,Ireland,19
LPESP017,Linux,Production,Spain,17
LPESP018,Linux,Production,Spain,18
LPIRL036,Linux,Production,Ireland,36
SPDEU020,Solaris,Production,Germany,20
LTFRA009,Linux,Testing,France,9
LPITA009,Linux,Production,Italy,9
LPDEU031,Linux,Production,Germany,31
LTNOR007,Linux,Testing,Norway,7
ATITA002,AIX,Testing,Italy,2
ATNOR005,AIX,Testing,Norway,5
SSIRL020,Solaris,Staging,Ireland,20
ASIRL010,AIX,Staging,Ireland,10
LSIRL016,Linux,Staging,Ireland,16
LTIRL026,Linux,Testing,Ireland,26
SDDEU008,Solaris,Development,Germany,8
STITA006,Solaris,Testing,Italy,6
HDESP001,HP-UX,Development,Spain,1
SSESP012,Solaris,Staging,Spain,12
APESP012,AIX,Production,Spain,12
SPDEU021,Solaris,Production,Germany,21
HPDEU005,HP-UX,Production,Germany,5
HDNOR001,HP-UX,Development,Norway,1
LDITA005,Linux,Development,Italy,5
SSITA008,Solaris,Staging,Italy,8
STITA007,Solaris,Testing,Italy,7
APFRA009,AIX,Production,France,9
SSITA009,Solaris,Staging,Italy,9
SPITA009,Solaris,Production,Italy,9
LIIRL014,Linux,Integration,Ireland,14
SSIRL021,Solaris,Staging,Ireland,21
ASESP004,AIX,Staging,Spain,4
LSDEU017,Linux,Staging,Germany,17
LSDEU018,Linux,Staging,Germany,18
LIFRA002,Linux,Integration,France,2
HPFRA002,HP-UX,Production,France,2
LPIRL037,Linux,Production,Ireland,37
HTITA007,HP-UX,Testing,Italy,7
LIDEU008,Linux,Integration,Germany,8
HPNOR003,HP-UX,Production,Norway,3
LTDEU012,Linux,Testing,Germany,12
HDIRL005,HP-UX,Development,Ireland,5
ASNOR005,AIX,Staging,Norway,5
APDEU011,AIX,Production,Germany,11
APITA006,AIX,Production,Italy,6
LSIRL017,Linux,Staging,Ireland,17
ASITA007,AIX,Staging,Italy,7
ASDEU007,AIX,Staging,Germany,7
STDEU021,Solaris,Testing,Germany,21
SPITA010,Solaris,Production,Italy,10
LTNOR008,Linux,Testing,Norway,8
LTITA021,Linux,Testing,Italy,21
APDEU012,AIX,Production,Germany,12
LTIRL027,Linux,Testing,Ireland,27
LTITA022,Linux,Testing,Italy,22
STDEU022,Solaris,Testing,Germany,22
LPESP019,Linux,Production,Spain,19
LIESP007,Linux,Integration,Spain,7
HPESP006,HP-UX,Production,Spain,6
LPITA010,Linux,Production,Italy,10
HPNOR004,HP-UX,Production,Norway,4
STDEU023,Solaris,Testing,Germany,23
LDDEU010,Linux,Development,Germany,10
SPIRL027,Solaris,Production,Ireland,27
LTESP016,Linux,Testing,Spain,16
APIRL020,AIX,Production,Ireland,20
LPNOR007,Linux,Production,Norway,7
ADNOR001,AIX,Development,Norway,1
LDDEU011,Linux,Development,Germany,11
SSIRL022,Solaris,Staging,Ireland,22
LTDEU013,Linux,Testing,Germany,13
APESP013,AIX,Production,Spain,13
LPDEU032,Linux,Production,Germany,32
HPFRA003,HP-UX,Production,France,3
ATDEU012,AIX,Testing,Germany,12
STESP015,Solaris,Testing,Spain,15
LIESP008,Linux,Integration,Spain,8
LTIRL028,Linux,Testing,Ireland,28
ATDEU013,AIX,Testing,Germany,13
LSIRL018,Linux,Staging,Ireland,18
APFRA010,AIX,Production,France,10
SSESP013,Solaris,Staging,Spain,13
HSFRA002,HP-UX,Staging,France,2
APNOR003,AIX,Production,Norway,3
ATESP008,AIX,Testing,Spain,8
ATITA003,AIX,Testing,Italy,3
SSITA010,Solaris,Staging,Italy,10
LTNOR009,Linux,Testing,Norway,9
SPIRL028,Solaris,Production,Ireland,28
SIESP005,Solaris,Integration,Spain,5
LTITA023,Linux,Testing,Italy,23
LTITA024,Linux,Testing,Italy,24
STIRL016,Solaris,Testing,Ireland,16
STDEU024,Solaris,Testing,Germany,24
LPIRL038,Linux,Production,Ireland,38
SSDEU013,Solaris,Staging,Germany,13
SSESP014,Solaris,Staging,Spain,14
SDESP006,Solaris,Development,Spain,6
HPIRL012,HP-UX,Production,Ireland,12
SSNOR006,Solaris,Staging,Norway,6
LDIRL013,Linux,Development,Ireland,13
LSESP018,Linux,Staging,Spain,18
SPIRL029,Solaris,Production,Ireland,29
APIRL021,AIX,Production,Ireland,21
LPIRL039,Linux,Production,Ireland,39
ATITA004,AIX,Testing,Italy,4
LDESP007,Linux,Development,Spain,7
ASDEU008,AIX,Staging,Germany,8
STFRA004,Solaris,Testing,France,4
HDESP002,HP-UX,Development,Spain,2
SIFRA003,Solaris,Integration,France,3
LTIRL029,Linux,Testing,Ireland,29
HDESP003,HP-UX,Development,Spain,3
LSIRL019,Linux,Staging,Ireland,19
LSESP019,Linux,Staging,Spain,19
LPDEU033,Linux,Production,Germany,33
SSIRL023,Solaris,Staging,Ireland,23
ASESP005,AIX,Staging,Spain,5
SPITA011,Solaris,Production,Italy,11
AIIRL005,AIX,Integration,Ireland,5
SDESP007,Solaris,Development,Spain,7
SPIRL030,Solaris,Production,Ireland,30
ADFRA001,AIX,Development,France,1
LDIRL014,Linux,Development,Ireland,14
SIESP006,Solaris,Integration,Spain,6
LPITA011,Linux,Production,Italy,11
SDDEU009,Solaris,Development,Germany,9
AIFRA002,AIX,Integration,France,2
STIRL017,Solaris,Testing,Ireland,17
HDESP004,HP-UX,Development,Spain,4
STIRL018,Solaris,Testing,Ireland,18
STDEU025,Solaris,Testing,Germany,25
LTIRL030,Linux,Testing,Ireland,30
LPESP020,Linux,Production,Spain,20
APITA007,AIX,Production,Italy,7
SPFRA006,Solaris,Production,France,6
LDESP008,Linux,Development,Spain,8
SPIRL031,Solaris,Production,Ireland,31
LPIRL040,Linux,Production,Ireland,40
LDDEU012,Linux,Development,Germany,12
STESP016,Solaris,Testing,Spain,16
HSDEU008,HP-UX,Staging,Germany,8
SPESP015,Solaris,Production,Spain,15
STESP017,Solaris,Testing,Spain,17
STITA008,Solaris,Testing,Italy,8
LTDEU014,Linux,Testing,Germany,14
ASESP006,AIX,Staging,Spain,6
APIRL022,AIX,Production,Ireland,22
HPIRL013,HP-UX,Production,Ireland,13
APIRL023,AIX,Production,Ireland,23
SPESP016,Solaris,Production,Spain,16
ADDEU007,AIX,Development,Germany,7
LDNOR003,Linux,Development,Norway,3
ASITA008,AIX,Staging,Italy,8
AIESP003,AIX,Integration,Spain,3
HTDEU009,HP-UX,Testing,Germany,9
LPDEU034,Linux,Production,Germany,34
STDEU026,Solaris,Testing,Germany,26
LPDEU035,Linux,Production,Germany,35
STIRL019,Solaris,Testing,Ireland,19
ASESP007,AIX,Staging,Spain,7
HPDEU006,HP-UX,Production,Germany,6
APNOR004,AIX,Production,Norway,4
LPDEU036,Linux,Production,Germany,36
LSESP020,Linux,Staging,Spain,20
SSITA011,Solaris,Staging,Italy,11
SPIRL032,Solaris,Production,Ireland,32
LTIRL031,Linux,Testing,Ireland,31
LSDEU019,Linux,Staging,Germany,19
LIIRL015,Linux,Integration,Ireland,15
LTFRA010,Linux,Testing,France,10
LPFRA014,Linux,Production,France,14
SIIRL010,Solaris,Integration,Ireland,10
ATIRL017,AIX,Testing,Ireland,17
LPDEU037,Linux,Production,Germany,37
LSNOR008,Linux,Staging,Norway,8
SIIRL011,Solaris,Integration,Ireland,11
LTESP017,Linux,Testing,Spain,17
APIRL024,AIX,Production,Ireland,24
LSNOR009,Linux,Staging,Norway,9
APIRL025,AIX,Production,Ireland,25
LIESP009,Linux,Integration,Spain,9
LSDEU020,Linux,Staging,Germany,20
SPDEU022,Solaris,Production,Germany,22
SSDEU014,Solaris,Staging,Germany,14
LDESP009,Linux,Development,Spain,9
ATFRA006,AIX,Testing,France,6
SPESP017,Solaris,Production,Spain,17
ATNOR006,AIX,Testing,Norway,6
AIESP004,AIX,Integration,Spain,4
ASIRL011,AIX,Staging,Ireland,11
SDESP008,Solaris,Development,Spain,8
STESP018,Solaris,Testing,Spain,18
SPNOR003,Solaris,Production,Norway,3
SPIRL033,Solaris,Production,Ireland,33
ASITA009,AIX,Staging,Italy,9
LSIRL020,Linux,Staging,Ireland,20
LSIRL021,Linux,Staging,Ireland,21
LSIRL022,Linux,Staging,Ireland,22
SDITA005,Solaris,Development,Italy,5
SPIRL034,Solaris,Production,Ireland,34
LPITA012,Linux,Production,Italy,12
LPIRL041,Linux,Production,Ireland,41
LTESP018,Linux,Testing,Spain,18
LPIRL042,Linux,Production,Ireland,42
STDEU027,Solaris,Testing,Germany,27
ASITA010,AIX,Staging,Italy,10
STFRA005,Solaris,Testing,France,5
SDITA006,Solaris,Development,Italy,6
SIIRL012,Solaris,Integration,Ireland,12
LPNOR008,Linux,Production,Norway,8
SSDEU015,Solaris,Staging,Germany,15
LDIRL015,Linux,Development,Ireland,15
SPDEU023,Solaris,Production,Germany,23
LIIRL016,Linux,Integration,Ireland,16
SIIRL013,Solaris,Integration,Ireland,13
STIRL020,Solaris,Testing,Ireland,20
LIESP010,Linux,Integration,Spain,10
SSIRL024,Solaris,Staging,Ireland,24
SSIRL025,Solaris,Staging,Ireland,25
STIRL021,Solaris,Testing,Ireland,21
ATITA005,AIX,Testing,Italy,5
LSDEU021,Linux,Staging,Germany,21
APESP014,AIX,Production,Spain,14
STIRL022,Solaris,Testing,Ireland,22
LIIRL017,Linux,Integration,Ireland,17
STITA009,Solaris,Testing,Italy,9
SSDEU016,Solaris,Staging,Germany,16
LSESP021,Linux,Staging,Spain,21
LPFRA015,Linux,Production,France,15
LPFRA016,Linux,Production,France,16
APDEU013,AIX,Production,Germany,13
APIRL026,AIX,Production,Ireland,26
LSESP022,Linux,Staging,Spain,22
SIITA008,Solaris,Integration,Italy,8
LPIRL043,Linux,Production,Ireland,43
LSITA016,Linux,Staging,Italy,16
SSITA012,Solaris,Staging,Italy,12
APIRL027,AIX,Production,Ireland,27
LTFRA011,Linux,Testing,France,11
AIITA002,AIX,Integration,Italy,2
HTFRA001,HP-UX,Testing,France,1
SDFRA002,Solaris,Development,France,2
LSDEU022,Linux,Staging,Germany,22
LSFRA008,Linux,Staging,France,8
SSESP015,Solaris,Staging,Spain,15
HDIRL006,HP-UX,Development,Ireland,6
LPESP021,Linux,Production,Spain,21
LSITA017,Linux,Staging,Italy,17
LSIRL023,Linux,Staging,Ireland,23
APESP015,AIX,Production,Spain,15
STIRL023,Solaris,Testing,Ireland,23
LPDEU038,Linux,Production,Germany,38
SIDEU008,Solaris,Integration,Germany,8
LTITA025,Linux,Testing,Italy,25
LTDEU015,Linux,Testing,Germany,15
LPIRL044,Linux,Production,Ireland,44
LPDEU039,Linux,Production,Germany,39
STFRA006,Solaris,Testing,France,6
ASESP008,AIX,Staging,Spain,8
ASESP009,AIX,Staging,Spain,9
ASESP010,AIX,Staging,Spain,10
HPIRL014,HP-UX,Production,Ireland,14
ATFRA007,AIX,Testing,France,7
STDEU028,Solaris,Testing,Germany,28
ASDEU009,AIX,Staging,Germany,9
SSDEU017,Solaris,Staging,Germany,17
LIDEU009,Linux,Integration,Germany,9
LIESP011,Linux,Integration,Spain,11
SDITA007,Solaris,Development,Italy,7
LSDEU023,Linux,Staging,Germany,23
SIIRL014,Solaris,Integration,Ireland,14
STESP019,Solaris,Testing,Spain,19
APNOR005,AIX,Production,Norway,5
LTIRL032,Linux,Testing,Ireland,32
ATIRL018,AIX,Testing,Ireland,18
LIIRL018,Linux,Integration,Ireland,18
LTITA026,Linux,Testing,Italy,26
LTITA027,Linux,Testing,Italy,27
LPIRL045,Linux,Production,Ireland,45
LPNOR009,Linux,Production,Norway,9
STESP020,Solaris,Testing,Spain,20
LTESP019,Linux,Testing,Spain,19
AIITA003,AIX,Integration,Italy,3
LIITA006,Linux,Integration,Italy,6
STITA010,Solaris,Testing,Italy,10
ASFRA004,AIX,Staging,France,4
LSFRA009,Linux,Staging,France,9
LPFRA017,Linux,Production,France,17
LTIRL033,Linux,Testing,Ireland,33
STFRA007,Solaris,Testing,France,7
SSITA013,Solaris,Staging,Italy,13
LPDEU040,Linux,Production,Germany,40
APFRA011,AIX,Production,France,11
SPESP018,Solaris,Production,Spain,18
SPNOR004,Solaris,Production,Norway,4
LSNOR010,Linux,Staging,Norway,10
LTIRL034,Linux,Testing,Ireland,34
LSIRL024,Linux,Staging,Ireland,24
SPESP019,Solaris,Production,Spain,19
LPIRL046,Linux,Production,Ireland,46
LDIRL016,Linux,Development,Ireland,16
LSFRA010,Linux,Staging,France,10
LSITA018,Linux,Staging,Italy,18
SSDEU018,Solaris,Staging,Germany,18
LPDEU041,Linux,Production,Germany,41
ATIRL019,AIX,Testing,Ireland,19
STESP021,Solaris,Testing,Spain,21
APIRL028,AIX,Production,Ireland,28
LTIRL035,Linux,Testing,Ireland,35
SDIRL008,Solaris,Development,Ireland,8
SSDEU019,Solaris,Staging,Germany,19
ASDEU010,AIX,Staging,Germany,10
SPESP020,Solaris,Production,Spain,20
HPDEU007,HP-UX,Production,Germany,7
LSDEU024,Linux,Staging,Germany,24
STDEU029,Solaris,Testing,Germany,29
SSDEU020,Solaris,Staging,Germany,20
LTDEU016,Linux,Testing,Germany,16
LPNOR010,Linux,Production,Norway,10
ADFRA002,AIX,Development,France,2
APIRL029,AIX,Production,Ireland,29
SSDEU021,Solaris,Staging,Germany,21
ATITA006,AIX,Testing,Italy,6
LSIRL025,Linux,Staging,Ireland,25
LTITA028,Linux,Testing,Italy,28
SPESP021,Solaris,Production,Spain,21
SIIRL015,Solaris,Integration,Ireland,15
LTIRL036,Linux,Testing,Ireland,36
ADITA005,AIX,Development,Italy,5
ATIRL020,AIX,Testing,Ireland,20
LTITA029,Linux,Testing,Italy,29
LDESP010,Linux,Development,Spain,10
SSDEU022,Solaris,Staging,Germany,22
LPNOR011,Linux,Production,Norway,11
LPIRL047,Linux,Production,Ireland,47
ATFRA008,AIX,Testing,France,8
ADIRL009,AIX,Development,Ireland,9
STFRA008,Solaris,Testing,France,8
SIESP007,Solaris,Integration,Spain,7
LIIRL019,Linux,Integration,Ireland,19
HSITA002,HP-UX,Staging,Italy,2
LTFRA012,Linux,Testing,France,12
LSDEU025,Linux,Staging,Germany,25
STITA011,Solaris,Testing,Italy,11
SPESP022,Solaris,Production,Spain,22
LPITA013,Linux,Production,Italy,13
LIDEU010,Linux,Integration,Germany,10
ATIRL021,AIX,Testing,Ireland,21
LTFRA013,Linux,Testing,France,13
ASITA011,AIX,Staging,Italy,11
LPESP022,Linux,Production,Spain,22
LTIRL037,Linux,Testing,Ireland,37
LTDEU017,Linux,Testing,Germany,17
ASESP011,AIX,Staging,Spain,11
ATESP009,AIX,Testing,Spain,9
LPESP023,Linux,Production,Spain,23
SPIRL035,Solaris,Production,Ireland,35
LTESP020,Linux,Testing,Spain,20
LPDEU042,Linux,Production,Germany,42
LPIRL048,Linux,Production,Ireland,48
LIDEU011,Linux,Integration,Germany,11
LTIRL038,Linux,Testing,Ireland,38
LSNOR011,Linux,Staging,Norway,11
APITA008,AIX,Production,Italy,8
STIRL024,Solaris,Testing,Ireland,24
SSIRL026,Solaris,Staging,Ireland,26
ADDEU008,AIX,Development,Germany,8
LPESP024,Linux,Production,Spain,24
HTDEU010,HP-UX,Testing,Germany,10
LIDEU012,Linux,Integration,Germany,12
LTDEU018,Linux,Testing,Germany,18
HSIRL008,HP-UX,Staging,Ireland,8
STDEU030,Solaris,Testing,Germany,30
LTESP021,Linux,Testing,Spain,21
LIIRL020,Linux,Integration,Ireland,20
ADFRA003,AIX,Development,France,3
SSESP016,Solaris,Staging,Spain,16
APDEU014,AIX,Production,Germany,14
LPFRA018,Linux,Production,France,18
LPESP025,Linux,Production,Spain,25
HPIRL015,HP-UX,Production,Ireland,15
LPNOR012,Linux,Production,Norway,12
SDITA008,Solaris,Development,Italy,8
LTITA030,Linux,Testing,Italy,30
LTIRL039,Linux,Testing,Ireland,39
SDDEU010,Solaris,Development,Germany,10
APIRL030,AIX,Production,Ireland,30
ASFRA005,AIX,Staging,France,5
HTDEU011,HP-UX,Testing,Germany,11
HPDEU008,HP-UX,Production,Germany,8
ATNOR007,AIX,Testing,Norway,7
LPDEU043,Linux,Production,Germany,43
SPIRL036,Solaris,Production,Ireland,36
SSITA014,Solaris,Staging,Italy,14
HPIRL016,HP-UX,Production,Ireland,16
ATIRL022,AIX,Testing,Ireland,22
LIDEU013,Linux,Integration,Germany,13
STIRL025,Solaris,Testing,Ireland,25
ATIRL023,AIX,Testing,Ireland,23
ATDEU014,AIX,Testing,Germany,14
ADDEU009,AIX,Development,Germany,9
LDITA006,Linux,Development,Italy,6
SPIRL037,Solaris,Production,Ireland,37
HSIRL009,HP-UX,Staging,Ireland,9
ASESP012,AIX,Staging,Spain,12
SSIRL027,Solaris,Staging,Ireland,27
SIESP008,Solaris,Integration,Spain,8
SIITA009,Solaris,Integration,Italy,9
HPIRL017,HP-UX,Production,Ireland,17
SSITA015,Solaris,Staging,Italy,15
HTNOR001,HP-UX,Testing,Norway,1
LPITA014,Linux,Production,Italy,14
SSFRA011,Solaris,Staging,France,11
LSESP023,Linux,Staging,Spain,23
HPIRL018,HP-UX,Production,Ireland,18
LIDEU014,Linux,Integration,Germany,14
LTDEU019,Linux,Testing,Germany,19
ASIRL012,AIX,Staging,Ireland,12
SSIRL028,Solaris,Staging,Ireland,28
LTIRL040,Linux,Testing,Ireland,40
LPESP026,Linux,Production,Spain,26
APFRA012,AIX,Production,France,12
ASNOR006,AIX,Staging,Norway,6
LTIRL041,Linux,Testing,Ireland,41
STDEU031,Solaris,Testing,Germany,31
SPESP023,Solaris,Production,Spain,23
LPDEU044,Linux,Production,Germany,44
SPFRA007,Solaris,Production,France,7
SSESP017,Solaris,Staging,Spain,17
SSFRA012,Solaris,Staging,France,12
STITA012,Solaris,Testing,Italy,12
STITA013,Solaris,Testing,Italy,13
HIFRA002,HP-UX,Integration,France,2
ADITA006,AIX,Development,Italy,6
LTITA031,Linux,Testing,Italy,31
HPNOR005,HP-UX,Production,Norway,5
ATESP010,AIX,Testing,Spain,10
SSDEU023,Solaris,Staging,Germany,23
HSDEU009,HP-UX,Staging,Germany,9
ATFRA009,AIX,Testing,France,9
APITA009,AIX,Production,Italy,9
SPNOR005,Solaris,Production,Norway,5
SIIRL016,Solaris,Integration,Ireland,16
STDEU032,Solaris,Testing,Germany,32
LDIRL017,Linux,Development,Ireland,17
ADFRA004,AIX,Development,France,4
LPIRL049,Linux,Production,Ireland,49
APDEU015,AIX,Production,Germany,15
HDDEU001,HP-UX,Development,Germany,1
SIESP009,Solaris,Integration,Spain,9
LTIRL042,Linux,Testing,Ireland,42
HSESP004,HP-UX,Staging,Spain,4
LSIRL026,Linux,Staging,Ireland,26
LTDEU020,Linux,Testing,Germany,20
LSDEU026,Linux,Staging,Germany,26
HPITA004,HP-UX,Production,Italy,4
AINOR001,AIX,Integration,Norway,1
HPITA005,HP-UX,Production,Italy,5
HDDEU002,HP-UX,Development,Germany,2
HPIRL019,HP-UX,Production,Ireland,19
LPFRA019,Linux,Production,France,19
SSIRL029,Solaris,Staging,Ireland,29
SSDEU024,Solaris,Staging,Germany,24
LPFRA020,Linux,Production,France,20
STDEU033,Solaris,Testing,Germany,33
SDDEU011,Solaris,Development,Germany,11
APIRL031,AIX,Production,Ireland,31
SPNOR006,Solaris,Production,Norway,6
LPIRL050,Linux,Production,Ireland,50
SPFRA008,Solaris,Production,France,8
SIIRL017,Solaris,Integration,Ireland,17
LPIRL051,Linux,Production,Ireland,51
LPESP027,Linux,Production,Spain,27
HTIRL005,HP-UX,Testing,Ireland,5
HSIRL010,HP-UX,Staging,Ireland,10
SSDEU025,Solaris,Staging,Germany,25
HTITA008,HP-UX,Testing,Italy,8
ATIRL024,AIX,Testing,Ireland,24
LPESP028,Linux,Production,Spain,28
STIRL026,Solaris,Testing,Ireland,26
LTNOR010,Linux,Testing,Norway,10
ADDEU010,AIX,Development,Germany,10
SIIRL018,Solaris,Integration,Ireland,18
SPITA012,Solaris,Production,Italy,12
LPDEU045,Linux,Production,Germany,45
ASESP013,AIX,Staging,Spain,13
STFRA009,Solaris,Testing,France,9
LTITA032,Linux,Testing,Italy,32
LIDEU015,Linux,Integration,Germany,15
LTFRA014,Linux,Testing,France,14
AIDEU006,AIX,Integration,Germany,6
LTITA033,Linux,Testing,Italy,33
LIESP012,Linux,Integration,Spain,12
APIRL032,AIX,Production,Ireland,32
LIDEU016,Linux,Integration,Germany,16
LDFRA004,Linux,Development,France,4
STFRA010,Solaris,Testing,France,10
LSESP024,Linux,Staging,Spain,24
APIRL033,AIX,Production,Ireland,33
SPESP024,Solaris,Production,Spain,24
SDITA009,Solaris,Development,Italy,9
HTIRL006,HP-UX,Testing,Ireland,6
APIRL034,AIX,Production,Ireland,34
HTESP002,HP-UX,Testing,Spain,2
ASIRL013,AIX,Staging,Ireland,13
ADESP004,AIX,Development,Spain,4
LSDEU027,Linux,Staging,Germany,27
LIESP013,Linux,Integration,Spain,13
LDDEU013,Linux,Development,Germany,13
SPNOR007,Solaris,Production,Norway,7
SDNOR003,Solaris,Development,Norway,3
LPITA015,Linux,Production,Italy,15
LPFRA021,Linux,Production,France,21
ASITA012,AIX,Staging,Italy,12
SPFRA009,Solaris,Production,France,9
SDIRL009,Solaris,Development,Ireland,9
STIRL027,Solaris,Testing,Ireland,27
STESP022,Solaris,Testing,Spain,22
SIFRA004,Solaris,Integration,France,4
LINOR005,Linux,Integration,Norway,5
SPIRL038,Solaris,Production,Ireland,38
SDITA010,Solaris,Development,Italy,10
ATIRL025,AIX,Testing,Ireland,25
LSDEU028,Linux,Staging,Germany,28
LPDEU046,Linux,Production,Germany,46
HPDEU009,HP-UX,Production,Germany,9
ATIRL026,AIX,Testing,Ireland,26
APDEU016,AIX,Production,Germany,16
ASIRL014,AIX,Staging,Ireland,14
LDITA007,Linux,Development,Italy,7
SSESP018,Solaris,Staging,Spain,18
STESP023,Solaris,Testing,Spain,23
AIDEU007,AIX,Integration,Germany,7
LSIRL027,Linux,Staging,Ireland,27
ASIRL015,AIX,Staging,Ireland,15
LIESP014,Linux,Integration,Spain,14
ADDEU011,AIX,Development,Germany,11
ASITA013,AIX,Staging,Italy,13
HSIRL011,HP-UX,Staging,Ireland,11
LTITA034,Linux,Testing,Italy,34
ASFRA006,AIX,Staging,France,6
LIDEU017,Linux,Integration,Germany,17
HPITA006,HP-UX,Production,Italy,6
LSDEU029,Linux,Staging,Germany,29
LSESP025,Linux,Staging,Spain,25
STDEU034,Solaris,Testing,Germany,34
LTITA035,Linux,Testing,Italy,35
ASFRA007,AIX,Staging,France,7
ATDEU015,AIX,Testing,Germany,15
LTITA036,Linux,Testing,Italy,36
SPNOR008,Solaris,Production,Norway,8
SSIRL030,Solaris,Staging,Ireland,30
APIRL035,AIX,Production,Ireland,35
SSIRL031,Solaris,Staging,Ireland,31
APIRL036,AIX,Production,Ireland,36
LSDEU030,Linux,Staging,Germany,30
SPIRL039,Solaris,Production,Ireland,39
LPIRL052,Linux,Production,Ireland,52
ATITA007,AIX,Testing,Italy,7
LPIRL053,Linux,Production,Ireland,53
LTESP022,Linux,Testing,Spain,22
LSDEU031,Linux,Staging,Germany,31
LSITA019,Linux,Staging,Italy,19
APESP016,AIX,Production,Spain,16
SPITA013,Solaris,Production,Italy,13
ASDEU011,AIX,Staging,Germany,11
ATNOR008,AIX,Testing,Norway,8
SSDEU026,Solaris,Staging,Germany,26
HPIRL020,HP-UX,Production,Ireland,20
LPITA016,Linux,Production,Italy,16
SDESP009,Solaris,Development,Spain,9
APDEU017,AIX,Production,Germany,17
ASDEU012,AIX,Staging,Germany,12
ASDEU013,AIX,Staging,Germany,13
LSDEU032,Linux,Staging,Germany,32
SIDEU009,Solaris,Integration,Germany,9
LSDEU033,Linux,Staging,Germany,33
STIRL028,Solaris,Testing,Ireland,28
SSIRL032,Solaris,Staging,Ireland,32
SPIRL040,Solaris,Production,Ireland,40
STIRL029,Solaris,Testing,Ireland,29
SPIRL041,Solaris,Production,Ireland,41
HSNOR003,HP-UX,Staging,Norway,3
ATIRL027,AIX,Testing,Ireland,27
LPNOR013,Linux,Production,Norway,13
SIDEU010,Solaris,Integration,Germany,10
LTDEU021,Linux,Testing,Germany,21
LTESP023,Linux,Testing,Spain,23
LPITA017,Linux,Production,Italy,17
LIIRL021,Linux,Integration,Ireland,21
SSESP019,Solaris,Staging,Spain,19
SIDEU011,Solaris,Integration,Germany,11
SDIRL010,Solaris,Development,Ireland,10
LPESP029,Linux,Production,Spain,29
ASIRL016,AIX,Staging,Ireland,16
HSITA003,HP-UX,Staging,Italy,3
STITA014,Solaris,Testing,Italy,14
LSNOR012,Linux,Staging,Norway,12
LPDEU047,Linux,Production,Germany,47
SPITA014,Solaris,Production,Italy,14
LSESP026,Linux,Staging,Spain,26
LTDEU022,Linux,Testing,Germany,22
STDEU035,Solaris,Testing,Germany,35
ASDEU014,AIX,Staging,Germany,14
LPDEU048,Linux,Production,Germany,48
LTIRL043,Linux,Testing,Ireland,43
LSESP027,Linux,Staging,Spain,27
LPIRL054,Linux,Production,Ireland,54
STFRA011,Solaris,Testing,France,11
ATESP011,AIX,Testing,Spain,11
LPNOR014,Linux,Production,Norway,14
ATESP012,AIX,Testing,Spain,12
HPFRA004,HP-UX,Production,France,4
LIIRL022,Linux,Integration,Ireland,22
HTESP003,HP-UX,Testing,Spain,3
APFRA013,AIX,Production,France,13
LSIRL028,Linux,Staging,Ireland,28
ATITA008,AIX,Testing,Italy,8
LSIRL029,Linux,Staging,Ireland,29
ASIRL017,AIX,Staging,Ireland,17
ADIRL010,AIX,Development,Ireland,10
STITA015,Solaris,Testing,Italy,15
SPIRL042,Solaris,Production,Ireland,42
LTITA037,Linux,Testing,Italy,37
LPDEU049,Linux,Production,Germany,49
LTESP024,Linux,Testing,Spain,24
STITA016,Solaris,Testing,Italy,16
ATDEU016,AIX,Testing,Germany,16
SPESP025,Solaris,Production,Spain,25
LSDEU034,Linux,Staging,Germany,34
LSIRL030,Linux,Staging,Ireland,30
HTESP004,HP-UX,Testing,Spain,4
SPESP026,Solaris,Production,Spain,26
SIESP010,Solaris,Integration,Spain,10
LTITA038,Linux,Testing,Italy,38
HPIRL021,HP-UX,Production,Ireland,21
LPDEU050,Linux,Production,Germany,50
AIFRA003,AIX,Integration,France,3
LPDEU051,Linux,Production,Germany,51
AINOR002,AIX,Integration,Norway,2
LSIRL031,Linux,Staging,Ireland,31
LPITA018,Linux,Production,Italy,18
SIIRL019,Solaris,Integration,Ireland,19
ASIRL018,AIX,Staging,Ireland,18
SPFRA010,Solaris,Production,France,10
SSIRL033,Solaris,Staging,Ireland,33
LTDEU023,Linux,Testing,Germany,23
ATDEU017,AIX,Testing,Germany,17
ADIRL011,AIX,Development,Ireland,11
SDDEU012,Solaris,Development,Germany,12
APDEU018,AIX,Production,Germany,18
SSESP020,Solaris,Staging,Spain,20
SPESP027,Solaris,Production,Spain,27
LPDEU052,Linux,Production,Germany,52
HTIRL007,HP-UX,Testing,Ireland,7
APIRL037,AIX,Production,Ireland,37
ASESP014,AIX,Staging,Spain,14
SDDEU013,Solaris,Development,Germany,13
ATITA009,AIX,Testing,Italy,9
LPDEU053,Linux,Production,Germany,53
LPITA019,Linux,Production,Italy,19
HTDEU012,HP-UX,Testing,Germany,12
STESP024,Solaris,Testing,Spain,24
SIIRL020,Solaris,Integration,Ireland,20
APITA010,AIX,Production,Italy,10
LPIRL055,Linux,Production,Ireland,55
